-- ─────────────────────────────────────────────────────────────────
-- با شرف — Supabase Seed SQL
-- این فایل را در Supabase Dashboard → SQL Editor اجرا کنید
-- ─────────────────────────────────────────────────────────────────

-- ابتدا جدول‌ها را پاک کن (اگر قبلاً seed زده بودید)
TRUNCATE notifications, transactions, categories, users, branches CASCADE;

-- ── Branches ─────────────────────────────────────────────────────
INSERT INTO branches (id, name, address, manager, opened) VALUES
  ('11111111-0000-0000-0000-000000000001', 'شعبه اصلی', 'تهران — خیابان ولیعصر، پلاک ۲۸۴', 'علی باقری', '۱۴۰۲/۰۵/۱۲'),
  ('11111111-0000-0000-0000-000000000002', 'شعبه تجریش', 'تهران — میدان تجریش، بازار', 'نرگس شریفی', '۱۴۰۳/۰۲/۰۷'),
  ('11111111-0000-0000-0000-000000000003', 'شعبه یوسف‌آباد', 'تهران — خیابان سیدجمال‌الدین', 'سارا احمدی', '۱۴۰۳/۱۱/۲۵'),
  ('11111111-0000-0000-0000-000000000004', 'شعبه صادقیه', 'تهران — فلکه دوم صادقیه', 'مهدی رضایی', '۱۴۰۴/۰۸/۰۳');

-- ── Categories ───────────────────────────────────────────────────
INSERT INTO categories (id, type, name) VALUES
  ('22222222-0000-0000-0000-000000000001', 'income', 'فروش'),
  ('22222222-0000-0000-0000-000000000002', 'income', 'خدمات'),
  ('22222222-0000-0000-0000-000000000003', 'income', 'استرداد'),
  ('22222222-0000-0000-0000-000000000004', 'income', 'سایر درآمدها'),
  ('22222222-0000-0000-0000-000000000005', 'expense', 'خرید مواد اولیه'),
  ('22222222-0000-0000-0000-000000000006', 'expense', 'اجاره'),
  ('22222222-0000-0000-0000-000000000007', 'expense', 'حقوق'),
  ('22222222-0000-0000-0000-000000000008', 'expense', 'قبوض'),
  ('22222222-0000-0000-0000-000000000009', 'expense', 'حمل و نقل'),
  ('22222222-0000-0000-0000-000000000010', 'expense', 'تبلیغات'),
  ('22222222-0000-0000-0000-000000000011', 'expense', 'متفرقه');

-- ── Users (رمز همه: basharaf123) ──────────────────────────────────
-- password_hash برای "basharaf123" با bcrypt cost=10
INSERT INTO users (id, name, email, password_hash, role, assigned_branch_id, initials, joined) VALUES
  ('33333333-0000-0000-0000-000000000001', 'علی باقری', 'admin@basharaf.app',
   '$2a$10$U.XMFMCvAHw6hoF0cIs1Aelw4QC2IrWXGHliSa1blXmeeFt5VUKk.',
   'SuperAdmin', NULL, 'ع‌ب', '۱۴۰۴/۰۸/۱۲'),
  ('33333333-0000-0000-0000-000000000002', 'مهدی رضایی', 'mehdi@basharaf.app',
   '$2a$10$U.XMFMCvAHw6hoF0cIs1Aelw4QC2IrWXGHliSa1blXmeeFt5VUKk.',
   'BranchUser', '11111111-0000-0000-0000-000000000001', 'م‌ر', '۱۴۰۴/۰۹/۲۰'),
  ('33333333-0000-0000-0000-000000000003', 'نرگس شریفی', 'narges@basharaf.app',
   '$2a$10$U.XMFMCvAHw6hoF0cIs1Aelw4QC2IrWXGHliSa1blXmeeFt5VUKk.',
   'BranchUser', '11111111-0000-0000-0000-000000000002', 'ن‌ش', '۱۴۰۴/۱۰/۰۴'),
  ('33333333-0000-0000-0000-000000000004', 'سارا احمدی', 'sara@basharaf.app',
   '$2a$10$U.XMFMCvAHw6hoF0cIs1Aelw4QC2IrWXGHliSa1blXmeeFt5VUKk.',
   'BranchUser', '11111111-0000-0000-0000-000000000003', 'س‌ا', '۱۴۰۵/۰۱/۱۵'),
  ('33333333-0000-0000-0000-000000000005', 'حسین قاسمی', 'hossein@basharaf.app',
   '$2a$10$U.XMFMCvAHw6hoF0cIs1Aelw4QC2IrWXGHliSa1blXmeeFt5VUKk.',
   'SuperAdmin', NULL, 'ح‌ق', '۱۴۰۴/۰۶/۰۲');

-- ── Transactions ─────────────────────────────────────────────────
INSERT INTO transactions (type, title, category_id, category_name, amount, payee, branch_id, branch_name, method, receipt, date, note, has_receipt, status, created_by, approved_by, approved_at) VALUES
  ('expense', 'خرید گوشت قصاب کریمی',
   '22222222-0000-0000-0000-000000000005', 'خرید مواد اولیه',
   4850000, 'قصاب کریمی',
   '11111111-0000-0000-0000-000000000001', 'شعبه اصلی',
   'نقد', '۸۴۲۱۱۳', '۱۴۰۵/۰۲/۳۱', 'گوشت گوسفندی درجه یک', true,
   'approved', '33333333-0000-0000-0000-000000000002',
   '33333333-0000-0000-0000-000000000001', NOW() - INTERVAL '1 day'),

  ('income', 'فروش روز پنج‌شنبه',
   '22222222-0000-0000-0000-000000000001', 'فروش',
   32400000, 'مشتریان حضوری',
   '11111111-0000-0000-0000-000000000001', 'شعبه اصلی',
   'دستگاه پوز', '—', '۱۴۰۵/۰۲/۳۱', '', false,
   'approved', '33333333-0000-0000-0000-000000000001',
   '33333333-0000-0000-0000-000000000001', NOW() - INTERVAL '1 day'),

  ('expense', 'اجاره ماه اردیبهشت',
   '22222222-0000-0000-0000-000000000006', 'اجاره',
   18000000, 'آقای حسینی (مالک)',
   '11111111-0000-0000-0000-000000000002', 'شعبه تجریش',
   'حواله بانکی', '۹۰۱۷۸۲', '۱۴۰۵/۰۲/۳۰', '', true,
   'approved', '33333333-0000-0000-0000-000000000003',
   '33333333-0000-0000-0000-000000000001', NOW() - INTERVAL '2 days'),

  ('expense', 'قبض برق دوماهه',
   '22222222-0000-0000-0000-000000000008', 'قبوض',
   1240000, 'شرکت توزیع برق تهران',
   '11111111-0000-0000-0000-000000000001', 'شعبه اصلی',
   'کارت به کارت', '۵۵۰۰۲۱', '۱۴۰۵/۰۲/۲۹', 'کنتور ۳ فاز', true,
   'pending', '33333333-0000-0000-0000-000000000002',
   NULL, NULL),

  ('income', 'فروش آنلاین (اینستاگرام)',
   '22222222-0000-0000-0000-000000000001', 'فروش',
   7950000, '۴ سفارش پست‌شده',
   '11111111-0000-0000-0000-000000000003', 'شعبه یوسف‌آباد',
   'کارت به کارت', '—', '۱۴۰۵/۰۲/۲۸', '', false,
   'approved', '33333333-0000-0000-0000-000000000004',
   '33333333-0000-0000-0000-000000000001', NOW() - INTERVAL '4 days'),

  ('expense', 'حقوق همکار — مهدی رضایی',
   '22222222-0000-0000-0000-000000000007', 'حقوق',
   22000000, 'مهدی رضایی',
   '11111111-0000-0000-0000-000000000001', 'شعبه اصلی',
   'حواله بانکی', '۶۶۱۲۳۹', '۱۴۰۵/۰۲/۲۷', 'حقوق اردیبهشت', true,
   'approved', '33333333-0000-0000-0000-000000000001',
   '33333333-0000-0000-0000-000000000001', NOW() - INTERVAL '5 days'),

  ('expense', 'تبلیغ پیج اینستاگرام',
   '22222222-0000-0000-0000-000000000010', 'تبلیغات',
   3500000, 'استودیو رنگ',
   '11111111-0000-0000-0000-000000000001', 'شعبه اصلی',
   'کارت به کارت', '۱۱۰۲۹۳', '۱۴۰۵/۰۲/۲۶', 'پکیج ۲ هفته‌ای', true,
   'pending', '33333333-0000-0000-0000-000000000002',
   NULL, NULL),

  ('income', 'فروش روزانه',
   '22222222-0000-0000-0000-000000000001', 'فروش',
   24800000, 'مشتریان حضوری',
   '11111111-0000-0000-0000-000000000002', 'شعبه تجریش',
   'دستگاه پوز', '—', '۱۴۰۵/۰۲/۲۵', '', false,
   'approved', '33333333-0000-0000-0000-000000000003',
   '33333333-0000-0000-0000-000000000001', NOW() - INTERVAL '7 days');

-- ── Notifications برای pending transactions ───────────────────────
INSERT INTO notifications (type, title, sub, time, read, tx_id, user_id)
SELECT
  'pending',
  'تراکنش در انتظار بررسی',
  t.title || ' — ' || t.branch_name,
  'به‌تازگی',
  false,
  t.id,
  '33333333-0000-0000-0000-000000000001'  -- admin
FROM transactions t
WHERE t.status = 'pending';

-- ── نمایش خلاصه ──────────────────────────────────────────────────
SELECT 'branches' as table_name, COUNT(*) as count FROM branches
UNION ALL SELECT 'users', COUNT(*) FROM users
UNION ALL SELECT 'categories', COUNT(*) FROM categories
UNION ALL SELECT 'transactions', COUNT(*) FROM transactions
UNION ALL SELECT 'notifications', COUNT(*) FROM notifications;
